TEAM;NUMBER;NAME;GAMES PLAYED;GOALS;ASSISTS;PIM
Brynäs IF;61;Collin Delia;27;0;1;0
Brynäs IF;45;Damian Clara;34;0;0;0
Brynäs IF;28;Johannes Kinnvall;33;10;17;0
Brynäs IF;5;Michal Kempny;25;3;6;0
Brynäs IF;33;Jakob Silfverberg;34;14;16;0
Brynäs IF;10;Johan Larsson;34;8;14;0
Brynäs IF;18;Anton Rödin;30;9;15;0
Brynäs IF;27;Mattias Norlinder;34;1;4;0
Brynäs IF;3;Christian Djoos;18;0;3;0
Brynäs IF;71;Axel Jonsson-Fjällby;34;4;4;0
Brynäs IF;19;Nicklas Bäckström;33;2;20;0
Brynäs IF;23;Oskar Lindblom;31;7;6;0
Brynäs IF;29;Axel Andersson;27;6;5;0
Brynäs IF;14;Robert Hägg;34;0;6;0
Brynäs IF;52;Jack Kopacka;27;4;6;0
Brynäs IF;36;Linus Ölund;33;6;7;0
Brynäs IF;81;Kieffer Bellows;33;6;8;0
Brynäs IF;24;Aron Dahlqvist;12;0;0;0
Brynäs IF;41;Greg Scott;29;3;2;0
Brynäs IF;20;Tyler Vesel;31;0;3;0
Brynäs IF;47;Lucas Pettersson;23;9;4;0
Brynäs IF;17;"Michal              (LW) Svrcek";10;0;0;0
Brynäs IF;2;Victor Raftheim Hedin;26;0;0;0
Brynäs IF;8;Bobby Trivigno;32;4;13;0
Brynäs IF;47;"Lucas              (LW) Pettersson";3;0;0;0
Brynäs IF;30;Oscar Westman;1;0;0;0
Brynäs IF;81;"Kieffer              (LW) Bellows";1;0;0;0
Brynäs IF;17;Michal Svrcek;2;0;0;0
Brynäs IF;38;"Gustav              (RW) Hillström";7;0;0;0
Brynäs IF;38;Gustav Hillström;11;0;1;0
Brynäs IF;20;"Tyler              (RW) Vesel";2;0;0;0
Brynäs IF;22;"Leo              (RW) Sundqvist";9;0;0;0
Brynäs IF;53;Luke Witkowski;10;0;0;0
Brynäs IF;15;Simon Bertilsson;8;0;1;0
Brynäs IF;31;Erik Källgren;8;0;0;0
Växjö Lakers HC;28;Hugo Gustafsson;9;5;1;0
Växjö Lakers HC;29;Sebastian Strandberg;25;4;6;0
Växjö Lakers HC;91;Felix Robert;33;8;7;0
Växjö Lakers HC;12;Otto Koivula;4;1;1;0
Växjö Lakers HC;13;Dylan Mclaughlin;33;8;10;0
Växjö Lakers HC;16;Ville Svensson;22;1;4;0
Växjö Lakers HC;4;Keegan Lowe;33;0;7;0
Växjö Lakers HC;36;Elias Rosén;26;0;0;0
Växjö Lakers HC;62;Manuel Ågren;24;1;8;0
Växjö Lakers HC;40;Dennis Rasmussen;33;13;9;0
Växjö Lakers HC;42;Kalle Kratz;31;4;2;0
Växjö Lakers HC;21;Brian Cooper;27;2;4;0
Växjö Lakers HC;6;Petter Granberg;33;1;4;0
Växjö Lakers HC;25;Lucas Elvenes;33;11;22;0
Växjö Lakers HC;24;Karl Henriksson;32;7;3;0
Växjö Lakers HC;19;Reid Gardiner;30;11;9;0
Växjö Lakers HC;49;Leo Sahlin Wallenius;16;0;0;0
Växjö Lakers HC;8;Zachary Giuttari;25;0;4;0
Växjö Lakers HC;70;Adam Åhman;33;0;1;0
Växjö Lakers HC;32;Ludvig Persson;33;0;2;0
Växjö Lakers HC;69;"Morgan              (LW) Anderberg";11;0;0;0
Växjö Lakers HC;94;Joel Persson;32;5;21;0
Växjö Lakers HC;11;Brogan Rafferty;29;5;16;0
Växjö Lakers HC;41;Ludvig Nilsson;31;2;4;0
Växjö Lakers HC;10;"Eemeli              (LD) Suomi";1;0;0;0
Växjö Lakers HC;10;Eemeli Suomi;23;5;3;0
Växjö Lakers HC;41;"Ludvig              (LW) Nilsson";1;0;0;0
Växjö Lakers HC;12;"Otto              (LW) Koivula";1;0;0;0
Växjö Lakers HC;16;"Ville              (LW) Svensson";7;0;0;0
Växjö Lakers HC;69;Morgan Anderberg;15;1;1;0
Växjö Lakers HC;88;"Albin              (RW) Laksonen";2;0;0;0
Växjö Lakers HC;23;"Max              (LW) Isaksson";1;0;0;0
Växjö Lakers HC;17;Erik Andersson;17;1;3;0
Växjö Lakers HC;1;Felix Timraz-Westin;1;0;0;0
Växjö Lakers HC;18;"Emon              (RW) Kulmala";1;0;0;0
Växjö Lakers HC;88;Liam Pettersson;2;0;0;0
Växjö Lakers HC;23;Elias Lindgren;1;0;0;0
Växjö Lakers HC;18;Ola Palme;5;0;0;0
Växjö Lakers HC;23;Olle Tideman;1;0;0;0
Växjö Lakers HC;42;"Kalle              (LW) Kratz";1;0;0;0
Växjö Lakers HC;16;"Ville              (RW) Svensson";1;0;0;0
BIF;14;Robert Hägg;0;0;0;56
BIF;10;Johan Larsson;0;0;0;40
BIF;23;Oskar Lindblom;0;0;0;8
BIF;18;Anton Rödin;0;0;0;12
BIF;28;Johannes Kinnvall;0;0;0;8
BIF;81;Kieffer Bellows;0;0;0;18
BIF;24;Aron Dahlqvist;0;0;0;4
BIF;8;Bobby Trivigno;0;0;0;14
BIF;27;Mattias Norlinder;0;0;0;8
BIF;41;Greg Scott;0;0;0;8
BIF;36;Linus Ölund;0;0;0;29
BIF;71;Axel Jonsson-Fjällby;0;0;0;8
BIF;19;Nicklas Bäckström;0;0;0;10
BIF;5;Michal Kempny;0;0;0;8
BIF;29;Axel Andersson;0;0;0;2
BIF;33;Jakob Silfverberg;0;0;0;32
BIF;3;Christian Djoos;0;0;0;2
BIF;52;Jack Kopacka;0;0;0;2
BIF;2;Victor Raftheim Hedin;0;0;0;4
BIF;20;Tyler Vesel;0;0;0;6
BIF;53;Luke Witkowski;0;0;0;2
BIF;15;Simon Bertilsson;0;0;0;4
VÄX;29;Sebastian Strandberg;0;0;0;6
VÄX;4;Keegan Lowe;0;0;0;18
VÄX;49;Leo Sahlin Wallenius;0;0;0;8
VÄX;19;Reid Gardiner;0;0;0;12
VÄX;12;Otto Koivula;0;0;0;2
VÄX;10;Eemeli Suomi;0;0;0;8
VÄX;91;Felix Robert;0;0;0;12
VÄX;24;Karl Henriksson;0;0;0;20
VÄX;21;Brian Cooper;0;0;0;16
VÄX;6;Petter Granberg;0;0;0;18
VÄX;25;Lucas Elvenes;0;0;0;12
VÄX;94;Joel Persson;0;0;0;26
VÄX;42;Kalle Kratz;0;0;0;2
VÄX;13;Dylan Mclaughlin;0;0;0;4
VÄX;36;Elias Rosén;0;0;0;4
VÄX;62;Manuel Ågren;0;0;0;20
VÄX;11;Brogan Rafferty;0;0;0;2
VÄX;41;Ludvig Nilsson;0;0;0;8
VÄX;40;Dennis Rasmussen;0;0;0;10
VÄX;16;Ville Svensson;0;0;0;4
VÄX;17;Erik Andersson;0;0;0;2
Frölunda HC;1;Lars Johansson;33;0;0;0
Frölunda HC;30;Tobias Normann;33;0;1;0
Frölunda HC;46;Dominik Egli;27;3;14;0
Frölunda HC;7;Henrik Tömmernes;33;3;16;0
Frölunda HC;12;Max Friberg;33;4;9;0
Frölunda HC;40;Jacob Peterson;33;7;7;0
Frölunda HC;21;Jere Innala;31;11;13;0
Frölunda HC;43;Tom Nilsson;25;2;3;0
Frölunda HC;33;Linus Högberg;33;7;10;0
Frölunda HC;92;Filip Cederqvist;31;6;8;0
Frölunda HC;25;Arttu Ruotsalainen;31;11;12;0
Frölunda HC;86;Erik Thorell;17;4;11;0
Frölunda HC;2;Christian Folin;30;2;2;0
Frölunda HC;26;Isac Heens;32;1;6;0
Frölunda HC;41;Ivar Stenberg;25;7;17;0
Frölunda HC;27;Theodor Niederbach;33;10;14;0
Frölunda HC;11;Max Lindholm;33;13;11;0
Frölunda HC;10;Max Westergård;7;0;0;0
Frölunda HC;6;Filip Hasa;33;2;1;0
Frölunda HC;17;Isac Born;13;0;1;0
Frölunda HC;31;Nicklas Lasu;33;4;10;0
Frölunda HC;32;Noah Hasa;28;5;5;0
Frölunda HC;10;"Max              (RW) Westergård";6;0;0;0
Frölunda HC;44;Noah Dower Nilsson;31;0;0;0
Frölunda HC;17;"Isac              (RW) Born";8;0;0;0
Frölunda HC;38;Oskar Wahlberg;12;0;0;0
Frölunda HC;10;"Max              (LW) Westergård";2;0;0;0
Frölunda HC;17;"Isac              (LW) Born";2;0;0;0
Frölunda HC;32;"Noah              (RW) Hasa";4;0;0;0
Frölunda HC;9;Linus Weissbach;16;2;3;0
Frölunda HC;65;Axel Bröngel-Larsson;1;0;0;0
Frölunda HC;32;"Noah              (LW) Hasa";1;0;0;0
Frölunda HC;49;Måns Toresson;2;0;0;0
Frölunda HC;49;"Måns              (LW) Toresson";6;0;0;0
Frölunda HC;28;Eric Norin;3;0;0;0
Linköping HC;92;Zion Nybeck;34;3;5;0
Linköping HC;93;Oliver Johansson;32;2;2;0
Linköping HC;53;Adam Hofbauer;21;1;0;0
Linköping HC;8;Jonathan Myrenberg;30;2;1;0
Linköping HC;38;Johan Södergran;34;2;3;0
Linköping HC;71;Eskild Bakke Olsen;33;0;0;0
Linköping HC;39;Ty Rattie;28;5;1;0
Linköping HC;17;Felix Öhrqvist;12;0;1;0
Linköping HC;9;Erik Norén;27;0;0;0
Linköping HC;13;Jakub Vrana;28;7;7;0
Linköping HC;73;Nicholas Shore;32;7;10;0
Linköping HC;70;Fredrik Karlström;34;10;8;0
Linköping HC;40;David Bernhardt;32;2;9;0
Linköping HC;48;Mikko Kokkonen;26;0;3;0
Linköping HC;21;Christoffer Ehn;34;7;6;0
Linköping HC;61;Markus Ljungh;34;6;9;0
Linköping HC;23;Robin Kovacs;32;13;9;0
Linköping HC;81;Theodor Lennström;18;0;7;0
Linköping HC;26;Max Martin;34;0;12;0
Linköping HC;36;Waltteri Ignatjew;34;0;0;0
Linköping HC;31;Jesper Myrenberg;31;0;0;0
Linköping HC;4;"Oscar              (LW) Lawner";2;0;0;0
Linköping HC;30;Noel Massot;5;0;0;0
Linköping HC;6;Wilhelm Hasselhuhn;5;0;0;0
Linköping HC;30;Karl Roos;6;0;0;0
Linköping HC;4;"Oscar              (RW) Lawner";3;0;0;0
Linköping HC;20;Johan Johnsson;14;0;1;0
Linköping HC;4;Oscar Lawner;1;0;0;0
Linköping HC;53;"Adam              (RW) Hofbauer";8;0;0;0
Linköping HC;2;Rasmus Rissanen;30;1;5;0
Linköping HC;30;Axel Kylin;6;0;0;0
Linköping HC;18;Remi Elie;2;1;0;0
Linköping HC;53;"Adam              (LW) Hofbauer";5;0;0;0
Linköping HC;14;Loke Krantz;10;1;1;0
Linköping HC;11;"Oscar              (LW) Holmertz";2;0;0;0
Linköping HC;28;Melvin Nilsson;17;0;1;0
Linköping HC;14;"Loke              (RW) Krantz";2;0;0;0
Linköping HC;14;"Loke              (LW) Krantz";1;0;0;0
Linköping HC;93;"Oliver              (LW) Johansson";1;0;0;0
Linköping HC;39;"Ty              (RW) Rattie";1;0;0;0
Linköping HC;96;"William              (RW) Proos";1;0;0;0
Linköping HC;96;William Proos;3;0;0;0
Linköping HC;11;Oscar Holmertz;2;0;0;0
Linköping HC;11;"Oscar              (RW) Holmertz";3;0;0;0
Linköping HC;3;Edvin Hammarlund;4;0;0;0
LHC;9;Erik Norén;0;0;0;14
LHC;81;Theodor Lennström;0;0;0;62
LHC;8;Jonathan Myrenberg;0;0;0;10
LHC;17;Felix Öhrqvist;0;0;0;4
LHC;93;Oliver Johansson;0;0;0;12
LHC;23;Robin Kovacs;0;0;0;16
LHC;4;Oscar Lawner;0;0;0;2
LHC;26;Max Martin;0;0;0;16
LHC;21;Christoffer Ehn;0;0;0;4
LHC;40;David Bernhardt;0;0;0;10
LHC;2;Rasmus Rissanen;0;0;0;20
LHC;38;Johan Södergran;0;0;0;6
LHC;92;Zion Nybeck;0;0;0;4
LHC;73;Nicholas Shore;0;0;0;8
LHC;20;Johan Johnsson;0;0;0;6
LHC;70;Fredrik Karlström;0;0;0;6
LHC;31;Jesper Myrenberg;0;0;0;2
LHC;53;Adam Hofbauer;0;0;0;6
LHC;48;Mikko Kokkonen;0;0;0;4
LHC;61;Markus Ljungh;0;0;0;2
LHC;39;Ty Rattie;0;0;0;11
LHC;14;Loke Krantz;0;0;0;10
LHC;71;Eskild Bakke Olsen;0;0;0;2
LHC;13;Jakub Vrana;0;0;0;38
FRÖ;46;Dominik Egli;0;0;0;14
FRÖ;7;Henrik Tömmernes;0;0;0;12
FRÖ;11;Max Lindholm;0;0;0;16
FRÖ;2;Christian Folin;0;0;0;12
FRÖ;43;Tom Nilsson;0;0;0;6
FRÖ;92;Filip Cederqvist;0;0;0;12
FRÖ;44;Noah Dower Nilsson;0;0;0;6
FRÖ;27;Theodor Niederbach;0;0;0;10
FRÖ;21;Jere Innala;0;0;0;12
FRÖ;26;Isac Heens;0;0;0;10
FRÖ;25;Arttu Ruotsalainen;0;0;0;16
FRÖ;33;Linus Högberg;0;0;0;6
FRÖ;10;Max Westergård;0;0;0;2
FRÖ;6;Filip Hasa;0;0;0;12
FRÖ;31;Nicklas Lasu;0;0;0;14
FRÖ;12;Max Friberg;0;0;0;6
FRÖ;32;Noah Hasa;0;0;0;8
FRÖ;38;Oskar Wahlberg;0;0;0;2
FRÖ;40;Jacob Peterson;0;0;0;10
FRÖ;41;Ivar Stenberg;0;0;0;4
FRÖ;1;Lars Johansson;0;0;0;2
Djurgårdens IF;35;Magnus Hellberg;30;0;1;0
Djurgårdens IF;30;Hugo Hävelid;18;0;0;0
Djurgårdens IF;28;Gustav Lindström;32;3;7;0
Djurgårdens IF;82;Colby Sissons;33;4;14;0
Djurgårdens IF;7;Joseph Snively;34;11;17;0
Djurgårdens IF;40;Jacob Josefson;28;5;11;0
Djurgårdens IF;55;Charles Hudon;32;13;11;0
Djurgårdens IF;37;Jesper Pettersson;33;3;5;0
Djurgårdens IF;21;Joseph Laleggia;32;9;16;0
Djurgårdens IF;72;Jesse Ylönen;24;2;4;0
Djurgårdens IF;29;Håvard Salsten;32;4;5;0
Djurgårdens IF;20;Mathias Emilio Pettersen;30;0;0;0
Djurgårdens IF;3;August Berg;21;2;0;0
Djurgårdens IF;77;Valtteri Pulli;18;1;3;0
Djurgårdens IF;38;Victor Eklund;25;1;10;0
Djurgårdens IF;14;Anton Frondell;23;10;5;0
Djurgårdens IF;53;David Blomgren;32;4;3;0
Djurgårdens IF;52;Philip Holm;34;4;5;0
Djurgårdens IF;61;Viggo Björck;23;3;4;0
Djurgårdens IF;24;Ludvig Rensfeldt;31;0;1;0
Djurgårdens IF;46;Albin Grewe;24;2;3;0
Djurgårdens IF;34;"Daniel              (RW) Brodin";9;0;0;0
Djurgårdens IF;20;Mathias Pettersen;0;2;10;0
Djurgårdens IF;34;Daniel Brodin;11;1;0;0
Djurgårdens IF;46;"Albin              (RW) Grewe";2;0;0;0
Djurgårdens IF;32;Marcus Krüger;28;0;0;0
Djurgårdens IF;24;"Ludvig              (CE) Rensfeldt";2;0;0;0
Djurgårdens IF;41;Arvid Costmar;16;1;0;0
Djurgårdens IF;45;Hugo Blixt;18;1;0;0
Djurgårdens IF;42;"Theo              (RW) Stockselius";1;0;0;0
Djurgårdens IF;42;Theo Stockselius;1;0;0;0
Djurgårdens IF;39;Marcus Brännman;4;0;0;0
Djurgårdens IF;41;"Arvid              (RW) Costmar";4;0;0;0
Djurgårdens IF;10;Oliver Kylington;15;2;5;0
Djurgårdens IF;14;"Anton              (RW) Frondell";1;0;0;0
Djurgårdens IF;61;"Viggo              (RW) Björck";1;0;0;0
Djurgårdens IF;24;"Ludvig              (RW) Rensfeldt";1;0;0;0
Djurgårdens IF;74;Daniel Marmenlind;15;0;0;0
Djurgårdens IF;14;"Anton              (LW) Frondell";1;0;0;0
Djurgårdens IF;89;Oula Palve;10;2;6;0
Djurgårdens IF;29;"Håvard              (CE) Salsten";2;0;0;0
Djurgårdens IF;42;Marcus Nordmark;2;0;1;0
Djurgårdens IF;55;"Charles              (RW) Hudon";1;0;0;0
Djurgårdens IF;6;William Wiå;2;0;1;0
Djurgårdens IF;42;"Marcus              (RW) Nordmark";2;0;0;0
Djurgårdens IF;39;Hugo Severgårdh;1;0;0;0
Djurgårdens IF;34;"Daniel              (LW) Brodin";1;0;0;0
Skellefteå AIK;27;Oskar Vuollet;34;1;1;0
Skellefteå AIK;12;Valter Lindberg;32;2;6;0
Skellefteå AIK;9;Victor Stjernborg;22;2;5;0
Skellefteå AIK;43;Max Krogdahl;22;0;5;0
Skellefteå AIK;15;Lars Bryggman;29;5;6;0
Skellefteå AIK;17;Pär Lindholm;34;3;12;0
Skellefteå AIK;71;Jonathan Davidsson;23;3;5;0
Skellefteå AIK;25;Pontus Johansson;34;6;12;0
Skellefteå AIK;57;Emil Djuse;29;0;9;0
Skellefteå AIK;29;Mikkel Aagaard;34;14;18;0
Skellefteå AIK;24;Oscar Lindberg;34;23;23;0
Skellefteå AIK;96;Rickard Hugg;34;11;26;0
Skellefteå AIK;52;Arvid Lundberg;34;5;8;0
Skellefteå AIK;7;Frans Haara;20;3;1;0
Skellefteå AIK;8;Oliver Okuliar;34;13;9;0
Skellefteå AIK;22;Jonathan Johnson;34;3;15;0
Skellefteå AIK;14;Andreas Johnson;34;7;8;0
Skellefteå AIK;3;Viktor Grahn;34;1;9;0
Skellefteå AIK;64;Jonathan Pudas;34;12;23;0
Skellefteå AIK;1;Anton Ringquist;13;0;0;0
Skellefteå AIK;31;Jani Lampinen;32;0;0;0
Skellefteå AIK;91;"Victor              (LW) Laz";11;0;0;0
Skellefteå AIK;38;Strauss Mann;33;0;0;0
Skellefteå AIK;4;Rasmus Bergqvist;30;0;1;0
Skellefteå AIK;33;"Zeb              (LW) Forsfjäll";6;0;0;0
Skellefteå AIK;33;Zeb Forsfjäll;26;2;1;0
Skellefteå AIK;71;"Jonathan              (LW) Davidsson";1;0;0;0
Skellefteå AIK;1;Caspar Lampe;1;0;0;0
Skellefteå AIK;91;Victor Laz;2;0;2;0
Skellefteå AIK;71;"Jonathan              (RW) Davidsson";1;0;0;0
Skellefteå AIK;18;"Viktor              (LW) Klingsell";10;0;0;0
Skellefteå AIK;18;Viktor Klingsell;2;1;0;0
Skellefteå AIK;20;Zeb Lindgren;1;0;0;0
Skellefteå AIK;11;"Theo              (LW) Landström";2;0;0;0
Skellefteå AIK;9;"Victor              (LW) Stjernborg";3;0;0;0
SKE;15;Lars Bryggman;0;0;0;10
SKE;25;Pontus Johansson;0;0;0;20
SKE;24;Oscar Lindberg;0;0;0;36
SKE;12;Valter Lindberg;0;0;0;6
SKE;71;Jonathan Davidsson;0;0;0;6
SKE;8;Oliver Okuliar;0;0;0;26
SKE;29;Mikkel Aagaard;0;0;0;6
SKE;14;Andreas Johnson;0;0;0;22
SKE;27;Oskar Vuollet;0;0;0;4
SKE;57;Emil Djuse;0;0;0;6
SKE;4;Rasmus Bergqvist;0;0;0;12
SKE;9;Victor Stjernborg;0;0;0;6
SKE;17;Pär Lindholm;0;0;0;12
SKE;7;Frans Haara;0;0;0;2
SKE;52;Arvid Lundberg;0;0;0;12
SKE;33;Zeb Forsfjäll;0;0;0;6
SKE;64;Jonathan Pudas;0;0;0;8
SKE;22;Jonathan Johnson;0;0;0;8
SKE;43;Max Krogdahl;0;0;0;49
SKE;3;Viktor Grahn;0;0;0;4
SKE;96;Rickard Hugg;0;0;0;8
DIF;77;Valtteri Pulli;0;0;0;4
DIF;38;Victor Eklund;0;0;0;10
DIF;82;Colby Sissons;0;0;0;20
DIF;61;Viggo Björck;0;0;0;6
DIF;52;Philip Holm;0;0;0;12
DIF;46;Albin Grewe;0;0;0;16
DIF;40;Jacob Josefson;0;0;0;10
DIF;7;Joseph Snively;0;0;0;14
DIF;37;Jesper Pettersson;0;0;0;20
DIF;24;Ludvig Rensfeldt;0;0;0;2
DIF;29;Håvard Salsten;0;0;0;6
DIF;53;David Blomgren;0;0;0;10
DIF;55;Charles Hudon;0;0;0;14
DIF;20;Mathias Pettersen;0;0;0;37
DIF;14;Anton Frondell;0;0;0;8
DIF;3;August Berg;0;0;0;6
DIF;32;Marcus Krüger;0;0;0;8
DIF;28;Gustav Lindström;0;0;0;10
DIF;21;Joseph Laleggia;0;0;0;8
DIF;45;Hugo Blixt;0;0;0;22
DIF;72;Jesse Ylönen;0;0;0;33
DIF;10;Oliver Kylington;0;0;0;4
DIF;89;Oula Palve;0;0;0;6
DIF;41;Arvid Costmar;0;0;0;12
DIF;42;Marcus Nordmark;0;0;0;2
Färjestad BK;33;Emil Larmi;33;0;1;0
Färjestad BK;35;Melker Thelin;34;0;0;0
Färjestad BK;3;Ronald Knot;33;2;2;0
Färjestad BK;48;Filip Roos;34;2;4;0
Färjestad BK;29;Oskar Steen;24;2;5;0
Färjestad BK;13;Joel Kellman;33;7;5;0
Färjestad BK;98;Marian Studenic;33;4;12;0
Färjestad BK;65;Noel Fransén;4;0;0;0
Färjestad BK;27;Gabriel Carlsson;30;2;4;0
Färjestad BK;39;Luke Philp;34;7;11;0
Färjestad BK;67;Radim Zohorna;29;4;7;0
Färjestad BK;71;Viktor Lodin;32;7;17;0
Färjestad BK;73;Adam Ollas Mattsson;34;0;0;0
Färjestad BK;7;Axel Bergkvist;34;5;10;0
Färjestad BK;92;Lucas Forsell;30;3;5;0
Färjestad BK;59;Linus Johansson;29;4;9;0
Färjestad BK;11;Joakim Nygård;34;7;7;0
Färjestad BK;6;Albert Wikman;29;2;1;0
Färjestad BK;15;Jack Berglund;20;3;2;0
Färjestad BK;12;Christoffer Jansson;32;4;5;0
Färjestad BK;22;Per Åslund;34;11;10;0
Färjestad BK;28;"Emil              (LW) Alba";2;0;0;0
Färjestad BK;28;Emil Alba;27;1;6;0
Färjestad BK;36;"Wille              (CE) Johansson";12;0;0;0
Färjestad BK;52;August Tornberg;6;1;1;0
Färjestad BK;32;Magnus Nygren;29;4;8;0
Färjestad BK;24;Joe Wahlund;2;0;0;0
Färjestad BK;92;"Lucas              (RW) Forsell";3;0;0;0
Färjestad BK;15;"Jack              (CE) Berglund";2;0;0;0
Färjestad BK;12;"Christoffer              (CE) Jansson";1;0;0;0
Färjestad BK;37;Samuel Eriksson;1;0;0;0
Färjestad BK;60;Måns Goos;1;0;0;0
Färjestad BK;23;Mikkel Eriksen;7;0;0;0
Färjestad BK;18;"Elias              (CE) Eriksson";1;0;0;0
Färjestad BK;18;"Elias              (LW) Eriksson";1;0;0;0
Färjestad BK;36;Wille Johansson;6;0;0;0
Färjestad BK;23;"Mikkel              (CE) Eriksen";3;0;0;0
Färjestad BK;96;David Tomasek;4;2;2;0
Rögle BK;37;Albin Sundsvik;34;4;5;0
Rögle BK;27;Linus Sjödin;12;2;2;0
Rögle BK;41;Simon Zether;25;1;3;0
Rögle BK;17;Isak Norlin;12;0;0;0
Rögle BK;52;Felix Nilsson;34;5;15;0
Rögle BK;22;Fredrik Olofsson;34;8;18;0
Rögle BK;8;Linus Sandin;31;5;7;0
Rögle BK;45;Gregor Biber;20;0;1;0
Rögle BK;24;Mattias Göransson;25;0;6;0
Rögle BK;67;Leon Bristedt;31;11;10;0
Rögle BK;23;Josh Dickinson;21;6;3;0
Rögle BK;83;Karson Kuhlman;34;6;6;0
Rögle BK;51;Calle Själin;31;2;16;0
Rögle BK;6;Paul Ladue;30;3;7;0
Rögle BK;72;Daniel Zaar;33;10;11;0
Rögle BK;28;Anton Bengtsson;28;3;6;0
Rögle BK;18;Dennis Everberg;30;5;5;0
Rögle BK;16;Lukas Ekeståhl-Jonsson;34;5;12;0
Rögle BK;95;Mark Friedman;31;2;10;0
Rögle BK;65;Christoffer Rifalk;34;0;0;0
Rögle BK;75;Arvid Holm;34;0;0;0
Rögle BK;20;"Marwin              (RW) Jarbsjö";6;0;0;0
Rögle BK;20;Marwin Jarbsjö;8;1;0;0
Rögle BK;62;Lubos Horky;31;10;5;0
Rögle BK;44;Calvin De Haan;28;0;0;0
Rögle BK;32;"Isac              (RW) Solberg";8;0;0;0
Rögle BK;32;Isac Solberg;19;3;1;0
Rögle BK;8;"Linus              (RW) Sandin";1;0;0;0
Rögle BK;41;"Simon              (RW) Zether";2;0;0;0
Rögle BK;58;Filip Johansson;25;4;6;0
Rögle BK;14;"Love              (RW) Gath";5;0;0;0
Rögle BK;40;"Nils              (RW) Bartholdsson";2;0;0;0
Rögle BK;14;Love Gath;2;0;0;0
Rögle BK;17;Nils Bartholdsson;1;0;0;0
Rögle BK;27;"Linus              (RW) Sjödin";4;0;0;0
Rögle BK;23;"Josh              (RW) Dickinson";1;0;0;0
FBK;27;Gabriel Carlsson;0;0;0;20
FBK;67;Radim Zohorna;0;0;0;14
FBK;22;Per Åslund;0;0;0;51
FBK;73;Adam Ollas Mattsson;0;0;0;18
FBK;65;Noel Fransén;0;0;0;4
FBK;71;Viktor Lodin;0;0;0;32
FBK;98;Marian Studenic;0;0;0;37
FBK;6;Albert Wikman;0;0;0;4
FBK;15;Jack Berglund;0;0;0;12
FBK;29;Oskar Steen;0;0;0;8
FBK;7;Axel Bergkvist;0;0;0;8
FBK;12;Christoffer Jansson;0;0;0;4
FBK;48;Filip Roos;0;0;0;2
FBK;52;August Tornberg;0;0;0;2
FBK;39;Luke Philp;0;0;0;12
FBK;32;Magnus Nygren;0;0;0;12
FBK;28;Emil Alba;0;0;0;29
FBK;3;Ronald Knot;0;0;0;6
FBK;92;Lucas Forsell;0;0;0;12
FBK;59;Linus Johansson;0;0;0;18
FBK;11;Joakim Nygård;0;0;0;4
FBK;13;Joel Kellman;0;0;0;10
FBK;33;Emil Larmi;0;0;0;6
FBK;36;Wille Johansson;0;0;0;2
FBK;96;David Tomasek;0;0;0;2
RBK;41;Simon Zether;0;0;0;8
RBK;45;Gregor Biber;0;0;0;10
RBK;23;Josh Dickinson;0;0;0;8
RBK;22;Fredrik Olofsson;0;0;0;8
RBK;83;Karson Kuhlman;0;0;0;4
RBK;95;Mark Friedman;0;0;0;53
RBK;27;Linus Sjödin;0;0;0;2
RBK;52;Felix Nilsson;0;0;0;10
RBK;16;Lukas Ekeståhl-Jonsson;0;0;0;14
RBK;67;Leon Bristedt;0;0;0;62
RBK;20;Marwin Jarbsjö;0;0;0;2
RBK;6;Paul Ladue;0;0;0;10
RBK;18;Dennis Everberg;0;0;0;14
RBK;8;Linus Sandin;0;0;0;11
RBK;44;Calvin De Haan;0;0;0;14
RBK;37;Albin Sundsvik;0;0;0;8
RBK;51;Calle Själin;0;0;0;30
RBK;24;Mattias Göransson;0;0;0;6
RBK;72;Daniel Zaar;0;0;0;12
RBK;28;Anton Bengtsson;0;0;0;14
RBK;32;Isac Solberg;0;0;0;4
RBK;58;Filip Johansson;0;0;0;4
HV 71;30;Lassi Lehtinen;34;0;0;0
HV 71;80;Frederik Dichow;15;0;0;0
HV 71;60;Lukas Höglind;12;0;0;0
HV 71;19;Niklas Hansson;34;1;10;0
HV 71;55;Andreas Borgman;23;2;6;0
HV 71;40;Oskar Stål-Lyrenäs;25;2;2;0
HV 71;16;Linus Lindström;28;2;2;0
HV 71;70;Lukas Rousek;34;2;17;0
HV 71;61;Axel Rindell;34;5;12;0
HV 71;38;Olle Alsing;32;0;7;0
HV 71;27;Jonathan Ang;34;14;16;0
HV 71;36;Martin Johnsen;22;1;4;0
HV 71;41;Riley Woods;34;14;13;0
HV 71;8;Lucas Lagerberg;33;4;3;0
HV 71;82;Santeri Hatakka;21;0;5;0
HV 71;96;Nikola Pasic;34;2;7;0
HV 71;91;Aleksi Heponiemi;26;6;11;0
HV 71;46;Joona Luoto;12;2;2;0
HV 71;44;Hugo Fransson;34;8;8;0
HV 71;71;William Ignberg Nilsson;12;0;0;0
HV 71;39;Jamiro Reber;18;3;0;0
HV 71;9;Hugo Pettersson;24;7;4;0
HV 71;21;"Mattias              (LW) Tedenby";1;0;0;0
HV 71;17;Isac Brännström;9;1;1;0
HV 71;28;Justin Glenn Kloos;32;0;0;0
HV 71;71;"William              (LW) Ignberg Nilsson";1;0;0;0
HV 71;28;Justin Kloos;0;7;10;0
HV 71;6;Karl Annborn;11;0;0;0
HV 71;9;"Hugo              (LW) Pettersson";1;0;0;0
HV 71;21;Mattias Tedenby;31;6;2;0
HV 71;71;"William              (RW) Ignberg Nilsson";4;0;0;0
HV 71;88;Vashek Blanar;3;0;0;0
HV 71;24;"Noel              (LW) Skarby";4;0;0;0
HV 71;39;"Jamiro              (CE) Reber";4;0;0;0
HV 71;12;Wille Magnertoft;5;0;1;0
HV 71;18;Oscar Davidsson;11;0;1;0
HV 71;78;Malte Gustafsson;11;0;3;0
HV 71;35;Olof Glifford;10;0;0;0
HV 71;12;"Wille              (LW) Magnertoft";4;0;0;0
HV 71;29;Sigge Lindh;2;0;0;0
HV 71;24;Hampus Eriksson;2;0;0;0
HV 71;12;"Wille              (CE) Magnertoft";7;0;0;0
HV 71;29;Eddie Levin;2;1;2;0
HV 71;4;Noel Skarby;1;0;0;0
HV 71;60;Felix Sandström;8;0;0;0
HV 71;23;Hampus Karlsson;2;0;0;0
HV 71;88;Gustav Olhaver;1;0;0;0
HV 71;5;Oscar Söderström;2;0;0;0
HV 71;29;Arvid Degerstedt;2;0;0;0
HV 71;23;Marcus Limpar Lantz;1;0;0;0
HV 71;88;Tim Lindfors;1;0;0;0
HV 71;18;"Oscar              (CE) Davidsson";4;0;0;0
HV 71;23;Victor Laz;3;0;0;0
Örebro HK;17;William Wikman;34;4;6;0
Örebro HK;33;Christopher Mastomäki;34;6;7;0
Örebro HK;37;Glenn Gustafsson;34;3;4;0
Örebro HK;9;Niklas Nilsson;20;0;1;0
Örebro HK;10;Sampo Ranta;15;3;3;0
Örebro HK;29;Milton Oscarson;34;8;4;0
Örebro HK;14;Liam Danielsson;12;0;2;0
Örebro HK;27;Peetro Seppälä;34;0;6;0
Örebro HK;6;Filip Berglund;19;1;4;0
Örebro HK;77;Teemu Turunen;23;5;5;0
Örebro HK;19;Sean Malone;30;1;8;0
Örebro HK;44;Melvin Fernström;29;3;1;0
Örebro HK;5;Gustav Backström;34;3;4;0
Örebro HK;7;Luke Martin;32;5;9;0
Örebro HK;21;Patrik Puistola;33;10;14;0
Örebro HK;11;Kalle Kossila;27;6;16;0
Örebro HK;89;Patrik Karlkvist;34;8;24;0
Örebro HK;28;Linus Arnesson;33;3;6;0
Örebro HK;55;David Quenneville;34;11;16;0
Örebro HK;1;Jhonas Enroth;34;0;1;0
Örebro HK;31;Jonas Arntzen;34;0;0;0
Örebro HK;12;"Noah              (LW) Steen";1;0;0;0
Örebro HK;12;Noah Steen;33;7;6;0
Örebro HK;44;"Melvin              (RW) Fernström";5;0;0;0
Örebro HK;30;Linus Hägerman;2;0;0;0
Örebro HK;23;Egor Polin;27;6;7;0
Örebro HK;47;"Niklas              (LW) Aaram Olsen";10;0;0;0
Örebro HK;30;Kevin Törnblom;11;0;0;0
Örebro HK;41;Theodor Hallquisth;6;0;1;0
Örebro HK;48;Juuso Vainio;20;0;2;0
Örebro HK;23;"Egor              (RW) Polin";5;0;0;0
Örebro HK;14;"Liam              (RW) Danielsson";3;0;0;0
Örebro HK;46;Axel Elofsson;5;0;0;0
Örebro HK;46;Svante Sjödin;6;0;0;0
Örebro HK;46;"Svante              (CE) Sjödin";2;0;0;0
Örebro HK;47;"Philip              (RW) Larsson";1;0;0;0
Örebro HK;46;Felix Färhammar;2;0;0;0
Örebro HK;47;"Alexander              (CE) Command";1;0;0;0
Örebro HK;47;Alexander Command;1;0;0;0
Örebro HK;41;"Ludvig              (RW) Andersson";1;0;0;0
Örebro HK;19;"Sean              (CE) Malone";1;0;0;0
Örebro HK;51;Niklas Aaram Olsen;1;0;0;0
Örebro HK;47;"Alexander              (LW) Command";1;0;0;0
HV71;8;Lucas Lagerberg;0;0;0;8
HV71;82;Santeri Hatakka;0;0;0;12
HV71;38;Olle Alsing;0;0;0;2
HV71;55;Andreas Borgman;0;0;0;20
HV71;19;Niklas Hansson;0;0;0;12
HV71;44;Hugo Fransson;0;0;0;10
HV71;27;Jonathan Ang;0;0;0;26
HV71;36;Martin Johnsen;0;0;0;8
HV71;46;Joona Luoto;0;0;0;4
HV71;17;Isac Brännström;0;0;0;25
HV71;21;Mattias Tedenby;0;0;0;8
HV71;16;Linus Lindström;0;0;0;6
HV71;41;Riley Woods;0;0;0;8
HV71;70;Lukas Rousek;0;0;0;8
HV71;28;Justin Kloos;0;0;0;10
HV71;39;Jamiro Reber;0;0;0;4
HV71;96;Nikola Pasic;0;0;0;4
HV71;61;Axel Rindell;0;0;0;8
HV71;9;Hugo Pettersson;0;0;0;2
HV71;91;Aleksi Heponiemi;0;0;0;2
HV71;71;William Ignberg Nilsson;0;0;0;6
HV71;40;Oskar Stål-Lyrenäs;0;0;0;2
HV71;12;Wille Magnertoft;0;0;0;2
ÖHK;29;Milton Oscarson;0;0;0;18
ÖHK;44;Melvin Fernström;0;0;0;6
ÖHK;11;Kalle Kossila;0;0;0;12
ÖHK;37;Glenn Gustafsson;0;0;0;10
ÖHK;33;Christopher Mastomäki;0;0;0;45
ÖHK;27;Peetro Seppälä;0;0;0;10
ÖHK;28;Linus Arnesson;0;0;0;16
ÖHK;77;Teemu Turunen;0;0;0;6
ÖHK;6;Filip Berglund;0;0;0;8
ÖHK;5;Gustav Backström;0;0;0;6
ÖHK;55;David Quenneville;0;0;0;10
ÖHK;17;William Wikman;0;0;0;4
ÖHK;23;Egor Polin;0;0;0;4
ÖHK;14;Liam Danielsson;0;0;0;2
ÖHK;7;Luke Martin;0;0;0;33
ÖHK;89;Patrik Karlkvist;0;0;0;10
ÖHK;21;Patrik Puistola;0;0;0;7
ÖHK;41;Theodor Hallquisth;0;0;0;2
ÖHK;12;Noah Steen;0;0;0;10
ÖHK;9;Niklas Nilsson;0;0;0;4
ÖHK;19;Sean Malone;0;0;0;8
ÖHK;10;Sampo Ranta;0;0;0;10
ÖHK;48;Juuso Vainio;0;0;0;2
Leksands IF;1;Marcus Gidlöf;20;0;0;0
Leksands IF;37;Jakob Hellsten;34;0;1;0
Leksands IF;30;Viggo Tamm;12;0;0;0
Leksands IF;10;Anton Johansson;27;2;8;0
Leksands IF;36;Stefan Milosevic;32;1;4;0
Leksands IF;29;Michael Lindqvist;15;3;8;0
Leksands IF;22;Lukas Vejdemo;33;9;4;0
Leksands IF;14;Oskar Lang;32;4;5;0
Leksands IF;8;Matt Caito;32;2;4;0
Leksands IF;33;Olle Strandell;34;5;6;0
Leksands IF;7;Marcus Karlberg;24;3;1;0
Leksands IF;20;Nolan Stevens;34;5;8;0
Leksands IF;34;Peter Cehlarik;33;4;17;0
Leksands IF;3;Fred Nilsson;32;1;5;0
Leksands IF;6;Alexander Lundqvist;34;2;5;0
Leksands IF;15;Max Veronneau;23;4;5;0
Leksands IF;12;Kalle Östman;23;4;2;0
Leksands IF;9;Gabriel Fortier;27;4;7;0
Leksands IF;28;Victor Johansson;2;0;0;0
Leksands IF;5;Andro Kaderli;33;2;6;0
Leksands IF;13;Jon Knuts;29;2;0;0
Leksands IF;24;Arvid Eljas;26;2;4;0
Leksands IF;17;"Dennis              (LW) Altörn";11;0;0;0
Leksands IF;21;Joonas Lyytinen;31;3;4;0
Leksands IF;17;Dennis Altörn;8;0;0;0
Leksands IF;4;"Tinus Luc              (LW) Koblar";1;0;0;0
Leksands IF;26;Zaki Crookes;10;1;3;0
Leksands IF;4;Tinus Luc Koblar;28;0;0;0
Leksands IF;16;Rocky Langvardt;14;0;0;0
Leksands IF;32;"Jonas              (RW) Lagerberg-Hoen";2;0;0;0
Leksands IF;4;Tinus Koblar;0;5;5;0
Leksands IF;11;Wiktor Nilsson;27;1;2;0
Leksands IF;39;August Lissel;3;0;0;0
Leksands IF;39;"August              (LW) Lissel";3;0;0;0
Leksands IF;35;Agust Jobs;2;0;0;0
Leksands IF;7;"Marcus              (RW) Karlberg";3;0;0;0
Leksands IF;35;Max-Herman Sandqvist;2;0;0;0
Leksands IF;39;"August              (CE) Lissel";4;0;0;0
Leksands IF;25;Robin Christoffersson;13;0;0;0
Leksands IF;26;"Zaki              (RW) Crookes";5;0;0;0
Leksands IF;12;"Kalle              (LW) Östman";1;0;0;0
Leksands IF;26;"Zaki              (LW) Crookes";1;0;0;0
Leksands IF;30;Emil Andersson;3;0;0;0
Timrå IK;91;Magnus Pääjärvi;34;0;1;0
Timrå IK;19;Marcus Westfält;31;3;2;0
Timrå IK;72;Erik Walli Walterholm;32;0;0;0
Timrå IK;34;Alfons Freij;25;0;2;0
Timrå IK;10;David Lilja;31;1;4;0
Timrå IK;12;Linus Eriksson;22;0;2;0
Timrå IK;94;Sebastian Hartmann;34;8;5;0
Timrå IK;9;Didrik Strömberg;34;5;3;0
Timrå IK;16;Lukas Pilö;26;0;2;0
Timrå IK;18;Eddie Genborg;26;12;3;0
Timrå IK;51;Anton Lander;32;5;11;0
Timrå IK;57;Anton Wedin;22;7;4;0
Timrå IK;25;Linus Nässén;32;0;0;0
Timrå IK;28;Simon Forsmark;34;4;6;0
Timrå IK;54;Jonathan Dahlén;32;0;0;0
Timrå IK;14;Emil Pettersson;34;12;15;0
Timrå IK;26;Anton Heikkinen;33;7;6;0
Timrå IK;7;Marcus Hardegård;23;6;5;0
Timrå IK;38;Albin Sundin;33;3;3;0
Timrå IK;30;Jacob Johansson;34;0;1;0
Timrå IK;1;Simon Westling;16;0;0;0
Timrå IK;31;Tim Juel;30;0;0;0
Timrå IK;27;"Ludvig              (LW) Levinsson";8;0;0;0
Timrå IK;23;"Jeremy              (CE) Boyce-Rotevall";3;0;0;0
Timrå IK;23;Jeremy Boyce-Rotevall;13;1;1;0
Timrå IK;27;Ludvig Levinsson;19;2;5;0
Timrå IK;2;Per Svensson;28;1;1;0
Timrå IK;23;"Jeremy              (LW) Boyce-Rotevall";5;0;0;0
Timrå IK;27;"Ludvig              (CE) Levinsson";4;0;0;0
Timrå IK;10;"David              (LW) Lilja";1;0;0;0
Timrå IK;23;"Jeremy              (RW) Boyce-Rotevall";1;0;0;0
Timrå IK;12;"Linus              (CE) Eriksson";3;0;0;0
Timrå IK;32;Anton Lundmark;7;1;1;0
Timrå IK;22;Edwin Annerstedt;5;0;0;0
Timrå IK;22;"Edwin              (LW) Annerstedt";1;0;0;0
Timrå IK;39;"William              (LW) Sörbrand";1;0;0;0
Timrå IK;1;Carl Lidö;1;0;0;0
Timrå IK;3;Adrian Thun-Hansson;2;0;0;0
Timrå IK;22;"Edwin              (RW) Annerstedt";2;0;0;0
Timrå IK;1;Max Berglund;1;0;0;0
Timrå IK;15;Olle Därth;1;0;0;0
LIF;13;Jon Knuts;0;0;0;4
LIF;22;Lukas Vejdemo;0;0;0;10
LIF;24;Arvid Eljas;0;0;0;12
LIF;20;Nolan Stevens;0;0;0;12
LIF;14;Oskar Lang;0;0;0;8
LIF;3;Fred Nilsson;0;0;0;4
LIF;21;Joonas Lyytinen;0;0;0;24
LIF;8;Matt Caito;0;0;0;22
LIF;15;Max Veronneau;0;0;0;2
LIF;10;Anton Johansson;0;0;0;35
LIF;36;Stefan Milosevic;0;0;0;33
LIF;29;Michael Lindqvist;0;0;0;18
LIF;9;Gabriel Fortier;0;0;0;10
LIF;7;Marcus Karlberg;0;0;0;10
LIF;6;Alexander Lundqvist;0;0;0;8
LIF;5;Andro Kaderli;0;0;0;45
LIF;33;Olle Strandell;0;0;0;8
LIF;4;Tinus Koblar;0;0;0;10
LIF;11;Wiktor Nilsson;0;0;0;8
LIF;34;Peter Cehlarik;0;0;0;12
LIF;16;Rocky Langvardt;0;0;0;2
LIF;12;Kalle Östman;0;0;0;8
TIK;38;Albin Sundin;0;0;0;10
TIK;7;Marcus Hardegård;0;0;0;8
TIK;51;Anton Lander;0;0;0;12
TIK;18;Eddie Genborg;0;0;0;8
TIK;72;Erik Walli Walterholm;0;0;0;14
TIK;57;Anton Wedin;0;0;0;2
TIK;12;Linus Eriksson;0;0;0;6
TIK;9;Didrik Strömberg;0;0;0;30
TIK;19;Marcus Westfält;0;0;0;8
TIK;14;Emil Pettersson;0;0;0;12
TIK;94;Sebastian Hartmann;0;0;0;20
TIK;34;Alfons Freij;0;0;0;6
TIK;54;Jonathan Dahlén;0;0;0;14
TIK;28;Simon Forsmark;0;0;0;4
TIK;10;David Lilja;0;0;0;6
TIK;2;Per Svensson;0;0;0;4
TIK;25;Linus Nässén;0;0;0;8
TIK;16;Lukas Pilö;0;0;0;2
TIK;91;Magnus Pääjärvi;0;0;0;2
TIK;26;Anton Heikkinen;0;0;0;4
TIK;23;Jeremy Boyce-Rotevall;0;0;0;2
TIK;27;Ludvig Levinsson;0;0;0;2
Luleå HF;31;Matteus Ward;32;0;1;0
Luleå HF;1;Isak Sörqvist;6;0;0;0
Luleå HF;3;Frederic Allard;34;8;15;0
Luleå HF;23;Jesper Sellgren;34;4;9;0
Luleå HF;25;Filip Eriksson;34;12;10;0
Luleå HF;91;Brian O'neil;9;0;0;0
Luleå HF;6;Isac Hedqvist;31;9;5;0
Luleå HF;8;William Håkansson;22;0;2;0
Luleå HF;29;Erik Gustafsson;31;9;8;0
Luleå HF;9;Heikki Liedes;32;3;1;0
Luleå HF;96;Pontus Andreasson;34;6;10;0
Luleå HF;76;Anton Levtchi;32;2;6;0
Luleå HF;55;Kasper Kotkansalo;21;0;0;0
Luleå HF;32;Oscar Engsund;32;0;1;0
Luleå HF;51;Markus Nurmi;33;10;9;0
Luleå HF;13;Eetu Koivistoinen;32;3;5;0
Luleå HF;71;Jakob Ihs-Wozniak;12;2;0;0
Luleå HF;5;Edvin Hammarlund;4;0;0;0
Luleå HF;10;Einar Emanuelsson;17;0;2;0
Luleå HF;15;David Granberg;23;2;3;0
Luleå HF;20;Casper Juustovaara Karlsson;23;0;0;0
Luleå HF;27;"David              (LW) Thomasson";7;0;0;0
Luleå HF;34;Joel Lassinantti;30;0;0;0
Luleå HF;39;Pontus Själin;29;0;3;0
Luleå HF;86;Mathias Bromé;26;0;0;0
Luleå HF;71;"Jakob              (RW) Ihs-Wozniak";5;0;0;0
Luleå HF;27;David Thomasson;3;0;0;0
Luleå HF;19;Neo Hirsch;3;0;0;0
Luleå HF;10;"Einar              (RW) Emanuelsson";2;0;0;0
Luleå HF;91;Brian O'neill;23;0;0;0
Luleå HF;24;Brendan Shinnimin;16;2;4;0
Luleå HF;27;Ben Tardif;15;7;2;0
Luleå HF;15;"David              (RW) Granberg";4;0;0;0
Luleå HF;82;Otto Leskinen;14;3;2;0
Luleå HF;15;"David              (LW) Granberg";5;0;0;0
Luleå HF;67;Linus Omark;12;3;2;0
Luleå HF;20;"Casper              (LW) Juustovaara Karlsson";2;0;0;0
Luleå HF;27;Oskari Laaksonen;10;2;3;0
IF Malmö Redhawks;16;Maximilian Eisenmenger;12;0;0;0
IF Malmö Redhawks;10;William Von Barnekow;28;0;0;0
IF Malmö Redhawks;12;Linus Öberg;34;10;1;0
IF Malmö Redhawks;41;Joseph Berger;15;0;0;0
IF Malmö Redhawks;13;Petter Vesterheim;32;4;3;0
IF Malmö Redhawks;78;Robin Hanzl;21;2;9;0
IF Malmö Redhawks;91;Axel Sundberg;31;10;14;0
IF Malmö Redhawks;26;Patrik Norén;4;0;0;0
IF Malmö Redhawks;17;Johan Ivarsson;30;0;1;0
IF Malmö Redhawks;20;Thomas Berg Paulsen;33;0;0;0
IF Malmö Redhawks;22;Janne Kuokkanen;30;10;21;0
IF Malmö Redhawks;48;Lauri Pajuniemi;34;12;15;0
IF Malmö Redhawks;49;Seth Barton;29;2;7;0
IF Malmö Redhawks;6;Eemil Viro;34;2;8;0
IF Malmö Redhawks;24;Filip Björkman;12;1;0;0
IF Malmö Redhawks;63;Fredrik Händemark;33;13;9;0
IF Malmö Redhawks;32;Joona Ikonen;34;1;3;0
IF Malmö Redhawks;42;Robin Salo;34;4;20;0
IF Malmö Redhawks;7;Topi Niemelä;34;3;10;0
IF Malmö Redhawks;72;Daniel Marmenlind;18;0;0;0
IF Malmö Redhawks;94;Marek Langhamer;27;0;1;0
IF Malmö Redhawks;71;"Isac              (RW) Nilsson";1;0;0;0
IF Malmö Redhawks;71;Isac Nilsson;26;3;4;0
IF Malmö Redhawks;13;"Petter              (RW) Vesterheim";1;0;0;0
IF Malmö Redhawks;95;Carl Persson;31;15;13;0
IF Malmö Redhawks;4;Martin Schreiber;32;0;2;0
IF Malmö Redhawks;24;"Filip              (LW) Björkman";4;0;0;0
IF Malmö Redhawks;16;"Maximilian              (LW) Eisenmenger";8;0;0;0
IF Malmö Redhawks;35;Kimhann Hultgren;1;0;0;0
IF Malmö Redhawks;74;Felix Carell;14;0;0;0
IF Malmö Redhawks;71;"Isac              (LW) Nilsson";2;0;0;0
IF Malmö Redhawks;40;Oskar Blomgren;22;0;0;0
IF Malmö Redhawks;35;Axel Göransson;2;0;0;0
IF Malmö Redhawks;9;"Kalle              (LW) Hemström";9;0;0;0
IF Malmö Redhawks;11;Sebastian Wännström;3;0;0;0
IF Malmö Redhawks;9;Kalle Hemström;3;0;0;0
IF Malmö Redhawks;15;"Freddie              (LW) Larsson";1;0;0;0
IF Malmö Redhawks;15;Freddie Larsson;2;0;0;0
IF Malmö Redhawks;9;"Kalle              (CE) Hemström";1;0;0;0
IF Malmö Redhawks;41;Isac Born;9;0;1;0
IF Malmö Redhawks;16;"Maximilian              (CE) Eisenmenger";6;0;0;0
IF Malmö Redhawks;11;Elia Pedrotti;10;0;2;0
IF Malmö Redhawks;16;Oliver Rosvall;1;0;0;0
IF Malmö Redhawks;14;Carl-Johan Lerby;1;0;0;0
LHF;51;Markus Nurmi;0;0;0;28
LHF;3;Frederic Allard;0;0;0;22
LHF;32;Oscar Engsund;0;0;0;8
LHF;20;Casper Juustovaara Karlsson;0;0;0;6
LHF;8;William Håkansson;0;0;0;8
LHF;96;Pontus Andreasson;0;0;0;28
LHF;71;Jakob Ihs-Wozniak;0;0;0;2
LHF;76;Anton Levtchi;0;0;0;8
LHF;6;Isac Hedqvist;0;0;0;12
LHF;13;Eetu Koivistoinen;0;0;0;31
LHF;23;Jesper Sellgren;0;0;0;4
LHF;39;Pontus Själin;0;0;0;12
LHF;55;Kasper Kotkansalo;0;0;0;6
LHF;91;Brian O'neil;0;0;0;2
LHF;91;Brian O'neill;0;0;0;10
LHF;29;Erik Gustafsson;0;0;0;12
LHF;86;Mathias Bromé;0;0;0;6
LHF;25;Filip Eriksson;0;0;0;6
LHF;15;David Granberg;0;0;0;2
LHF;24;Brendan Shinnimin;0;0;0;10
LHF;82;Otto Leskinen;0;0;0;4
LHF;9;Heikki Liedes;0;0;0;8
LHF;72;Ben Tardif;0;0;0;4
LHF;67;Linus Omark;0;0;0;6
LHF;31;Matteus Ward;0;0;0;2
LHF;27;Oskari Laaksonen;0;0;0;6
MIF;24;Filip Björkman;0;0;0;8
MIF;32;Joona Ikonen;0;0;0;12
MIF;22;Janne Kuokkanen;0;0;0;43
MIF;41;Joseph Berger;0;0;0;4
MIF;17;Johan Ivarsson;0;0;0;21
MIF;13;Petter Vesterheim;0;0;0;4
MIF;48;Lauri Pajuniemi;0;0;0;22
MIF;49;Seth Barton;0;0;0;10
MIF;63;Fredrik Händemark;0;0;0;20
MIF;12;Linus Öberg;0;0;0;8
MIF;4;Martin Schreiber;0;0;0;10
MIF;78;Robin Hanzl;0;0;0;4
MIF;91;Axel Sundberg;0;0;0;8
MIF;95;Carl Persson;0;0;0;18
MIF;6;Eemil Viro;0;0;0;10
MIF;42;Robin Salo;0;0;0;10
MIF;10;William Von Barnekow;0;0;0;10
MIF;74;Felix Carell;0;0;0;2
MIF;16;Maximilian Eisenmenger;0;0;0;8
MIF;7;Topi Niemelä;0;0;0;10
MIF;41;Isac Born;0;0;0;4
MIF;20;Thomas Berg Paulsen;0;0;0;6
MIF;94;Marek Langhamer;0;0;0;2
MIF;9;Kalle Hemström;0;0;0;2
